{
  "Component-preload.js": 1627472016216,
  "model/mockData/fruit.json": 1627470664528,
  "manifest.json": 1627463937663,
  "test/unit/controller/suppliers.controller.js": 1626778064121,
  "test/integration/pages/View1.js": 1626778064113,
  "test/integration/arrangements/Startup.js": 1626778064113,
  "test/unit/unitTests.qunit.js": 1626778064121,
  "test/unit/AllTests.js": 1626778064117,
  "test/integration/opaTests.qunit.js": 1626778064113,
  "test/integration/NavigationJourney.js": 1626778064109,
  "test/integration/AllJourneys.js": 1626778064109,
  "test/testsuite.qunit.js": 1626778064117,
  "test/initMockServer.js": 1626778064109,
  "model/models.js": 1626778064109,
  "localService/mockserver.js": 1626778064105,
  "controller/suppliers.controller.js": 1627465371906,
  "controller/sup_detail.controller.js": 1627471358037,
  "Component.js": 1626778064097,
  "manifest-bundle.zip": 1627472015631,
  "i18n/i18n.properties": 1627463167450,
  "test/unit/AllTests-dbg.js": 1626778064117,
  "test/integration/pages/View1-dbg.js": 1626778064113,
  "test/integration/arrangements/Startup-dbg.js": 1626778064113,
  "test/unit/unitTests.qunit-dbg.js": 1626778064121,
  "test/unit/controller/suppliers-dbg.controller.js": 1626778064121,
  "test/integration/opaTests.qunit-dbg.js": 1626778064113,
  "test/integration/NavigationJourney-dbg.js": 1626778064109,
  "test/integration/AllJourneys-dbg.js": 1626778064109,
  "test/testsuite.qunit-dbg.js": 1626778064117,
  "test/initMockServer-dbg.js": 1626778064109,
  "model/models-dbg.js": 1626778064109,
  "localService/mockserver-dbg.js": 1626778064105,
  "controller/suppliers-dbg.controller.js": 1627465371906,
  "controller/sup_detail-dbg.controller.js": 1627471358037,
  "Component-dbg.js": 1626778064097,
  "test/unit/unitTests.qunit.html": 1626778064121,
  "test/integration/opaTests.qunit.html": 1626778064113,
  "view/suppliers.view.xml": 1627384384803,
  "view/sup_detail.view.xml": 1627470681141,
  "test/testsuite.qunit.html": 1626778064113,
  "test/mockServer.html": 1626778064113,
  "localService/metadata.xml": 1626778064097,
  "css/style.css": 1626778064101,
  "index.html": 1626778219272
}